SubProduct-ID,Name,,,,,,,
SP1,Magical Spell body Wash,,,,,,,
SP2,Velvet Touch Body Wash,,,,,,,
SP3,Soft Touch Body Wash,,,,,,,
SP4,Scarlet Blossom Body Wash,,,,,,,
SP5,Velvet Touch Bar,,,,,,,
SP6,Soft Touch Bar,,,,,,,
SP7,Charming Magnolia Bar,,,,,,,
SP8,Hypontic Rose Bar,,,,,,,
SP9,Iconic Iris Bar,,,,,,,
SP10,Fresh Splash Bar,,,,,,,
SP11,Creamy Perfection Bar,,,,,,,
SP12,Vita Protect Bodywash,,,,,,,
SP13,Cool Fresh Bodywash,,,,,,,
SP14,Betel Leaf Bodywash,,,,,,,
SP15,Lemon Fresh Bodywash,,,,,,,
SP16,Moisture Plus Bodywash,,,,,,,
SP17,Total 10 Germ Protection Bodywash,,,,,,,
SP18,Mild Care Bodywash,,,,,,,
SP19,Nature Handwash,,,,,,,
SP20,Kitchen Fresh Handwash,,,,,,,
SP21,Colour Changing Handwash,,,,,,,
SP22,Total 10 Germ Protection Handwash,,,,,,,
SP23,Mild Care Handwash,,,,,,,
SP24,Cool Fresh Handwash,,,,,,,
SP25,Lemon Fresh Soap Bar,,,,,,,
SP26,Vita Protect Soap Bar,,,,,,,
SP27,Betel Leaf Soap Bar,,,,,,,
SP28,Moisture Plus Soap Bar,,,,,,,
SP29,Mild Care Soap Bar,,,,,,,
SP30,Total 10 Germ Protection Soap Bar,,,,,,,
SP31,Cool Fresh Soap Bar,,,,,,,
SP32,Clini-Care Self Foaming Handwash Fresh,,,,,,,
SP33,Clini-care 10 Complete,,,,,,,
SP34,Clini-Care 10 Fresh Total 10 Bodywash,,,,,,,
SP35,Clini-Care Self Foaming Handwash Total 10,,,,,,,
SP36,Clini-care 10 Fresh Bar,,,,,,,
SP37,Clini-Care 10 Total 10 Bodywash,,,,,,,
SP38,Hand Sanitizer Mild Care,,,,,,,
SP39,Hand Sanitizer,,,,,,,
SP40,Hand Sanitizer Nature,,,,,,,
SP41,Hand Sanitizer Active fresh,,,,,,,
SP42,Icy Cool Mint Soap Bar,,,,,,,
SP43,Orange Splash Soap Bar,,,,,,,
SP44,Lime Rush Soap Bar,,,,,,,
SP45,Hamam Neem Tulsi & Aloe vera Soap Bar,,,,,,,
SP46,Breeze Colour Care Detergent Powder,,,,,,,
SP47,Breeze Fragrance of Comfort Detergent Powder,,,,,,,
SP48,Breeze Power Clean Detergent Powder,,,,,,,
SP49,Breeze Goodbye Musty Detergent Powder (Indoor Drying),,,,,,,
SP50,Breeze Fragrance of Comfort Liquid Detergent,,,,,,,
SP51,Breeze Colour Care Liquid Detergent,,,,,,,
SP52,Breeze Goodbye Musty Liquid Detergent (Indoor Drying),,,,,,,
SP53,Breeze Power Clean Liquid Detergent,,,,,,,
SP54,Dove Pink/Rosa Beauty Bathing Bar,75,Gms,Cardboard,Paper,,,
SP55,Dove Pink/Rosa Beauty Bathing Bar,300,Gms,Cardboard,Paper,,,
SP56,Dove Original Cream Beauty Bathing Bar,50,Gms,Cardboard,Paper,,,
SP57,Dove Original Cream Beauty Bathing Bar,75,Gms,Cardboard,Paper,,,
SP58,Dove Original Cream Beauty Bathing Bar,300,Gms,Cardboard,Paper,,,
SP59,Dove Original Cream Beauty Bathing Bar,500,Gms,Cardboard,Paper,,,
SP60,Dove go fresh moisture Beauty Bathing Bar,75,Gms,Cardboard,Paper,,,
SP61,Dove go fresh moisture Beauty Bathing Bar,225,Gms,Cardboard,Paper,,,
SP62,Dove go fresh Body Wash,190,Ml,Bottle,HDPE,,,
SP63,Dove Gentle Exfoliating Body Wash,190,Ml,Bottle,HDPE,,,
SP64,Dove Gentle Exfoliating Body Wash,190,Ml,Bottle,HDPE,,,
SP65,Dove Rich Moisture Hair to Toe baby wash,200,Ml,Bottle,HDPE,,,
SP66,Dove Rich Moisture Hair to Toe baby wash,400,Ml,Bottle,HDPE,,,
SP67,Dove Purely Pampering Shea Butter and Warm Vanilla Body Lotion,100,Ml,Bottle,HDPE,,,
SP68,Dove Purely Pampering Shea Butter and Warm Vanilla Body Lotion,250,Ml,Bottle,HDPE,,,
SP69,Dove Purely Pampering Shea Butter and Warm Vanilla Body Lotion,400,Ml,Bottle,HDPE,,,
SP70,Dove Deep Pure Face Wash,50,Ml,Tube,Plastic,,,
SP71,Dove Deep Pure Face Wash,100,Ml,Bottle,HDPE,,,
SP72,Dove go Fresh Face Wash,50,Ml,Tube,Plastic,,,
SP73,Dove go Fresh Face Wash,100,Ml,Bottle,HDPE,,,
SP74,Dove Beauty Moisture Face Wash,50,Ml,Tube,Plastic,,,
SP75,Dove Beauty Moisture Face Wash,100,Ml,Bottle,HDPE,,,
SP76,Dove go fresh Body Lotion,100,Ml,Bottle,HDPE,,,
SP77,Dove go fresh Body Lotion,250,Ml,Bottle,HDPE,,,
SP78,Dove go fresh Body Lotion,400,Ml,Bottle,HDPE,,,
HDPE,Dove Essential Nourishment Body Lotion,100,Ml,Bottle,HDPE,,,
SP80,Dove Essential Nourishment Body Lotion,250,Ml,Bottle,HDPE,,,
SP81,Dove Essential Nourishment Body Lotion,400,Ml,Bottle,HDPE,,,
SP82,Dove Original Antiperspirant Deodorant,169,Ml,Bottle,HDPE,,,
SP83,Dove Rejuvenated Volume Conditioner,240,Ml,Tube,Plastic,,,
SP84,Dove Regenerative Repair Conditioner,240,Ml,Tube,Plastic,,,
SP85,Dove Rejuvenated Volume Shampoo,240,Ml,Tube,Plastic,,,
SP86,Dove Regenerative Repair Shampoo,240,Ml,Tube,Plastic,,,
SP87,Dove Oxygen Moisture Conditioner,80,Ml,Tube,Plastic,,,
SP88,Dove Oxygen Moisture Conditioner,180,Ml,Bottle,HDPE,,,
SP89,Dove Daily Shine Conditioner ,7.5,Ml,Sachet,,,,
SP90,Dove Daily Shine Conditioner ,80,Ml,Tube,Plastic,,,
SP91,Dove Daily Shine Conditioner ,180,Ml,Bottle,HDPE,,,
SP92,Dove Intense Repair Conditioner,7.5,Ml,Sachet,,,,
SP93,Dove Intense Repair Conditioner,80,Ml,Tube,Plastic,,,
SP94,Dove Intense Repair Conditioner,180,Ml,Bottle,HDPE,,,
SP95, Dove Dandruff Care Conditioner,180,Ml,Bottle,HDPE,,,
SP96,Dove Dryness Care Conditioner,80,Ml,Tube,Plastic,,,
SP97,Dove Dryness Care Conditioner,180,Ml,Bottle,HDPE,,,
SP98,Dove Hair Fall Rescue Conditioner,7.5,Ml,Sachet,,,,
SP99,Dove Hair Fall Rescue Conditioner,80,Ml,Tube,Plastic,,,
SP100,Dove Hair Fall Rescue Conditioner,180,Ml,Bottle,HDPE,,,
SP101,Dove Elixir Nourished Shine,90,Ml,Bottle,May be Glass,,,
SP102,Dove Daily Shine Shampoo,5,Ml,Sachet,,,,
SP103,Dove Daily Shine Shampoo,7,Ml,Sachet,,,,
SP104,Dove Daily Shine Shampoo,80,Ml,Bottle,HDPE,,,
SP105,Dove Daily Shine Shampoo,180,Ml,Bottle,HDPE,,,
SP106,Dove Daily Shine Shampoo,340,Ml,Bottle,HDPE,,,
SP107,Dove Daily Shine Shampoo,650,Ml,Bottle,HDPE,,,
SP108,Dove Dandruff Care Shampoo,5,Ml,Sachet,,,,
SP109,Dove Dandruff Care Shampoo,7,Ml,Sachet,,,,
SP110,Dove Dandruff Care Shampoo,80,Ml,Bottle,HDPE,,,
SP111,Dove Dandruff Care Shampoo,180,Ml,Bottle,HDPE,,,
SP112,Dove Dandruff Care Shampoo,340,Ml,Bottle,HDPE,,,
SP113,Dove Hair Fall Rescue Shampoo,5,Ml,Sachet,,,,
SP114,Dove Hair Fall Rescue Shampoo,7,Ml,Sachet,,,,
SP115,Dove Hair Fall Rescue Shampoo,12,Ml,Sachet,,,,
SP116,Dove Hair Fall Rescue Shampoo,80,Ml,Bottle,HDPE,,,
SP117,Dove Hair Fall Rescue Shampoo,180,Ml,Bottle,HDPE,,,
SP118,Dove Hair Fall Rescue Shampoo,340,Ml,Bottle,HDPE,,,
SP119,Dove Hair Fall Rescue Shampoo,650,Ml,Bottle,HDPE,,,
SP120,Dove Intense Repair Shampoo.,5,Ml,Sachet,,,,
SP121,Dove Intense Repair Shampoo.,7,Ml,Sachet,,,,
SP122,Dove Intense Repair Shampoo.,12,Ml,Sachet,,,,
SP123,Dove Intense Repair Shampoo.,80,Ml,Bottle,HDPE,,,
SP124,Dove Intense Repair Shampoo.,180,Ml,Bottle,HDPE,,,
SP125,Dove Intense Repair Shampoo.,340,Ml,Bottle,HDPE,,,
SP126,Dove Intense Repair Shampoo.,650,Ml,Bottle,HDPE,,,
SP127,Dove Nourishing Oil Care Shampoo ,7,Ml,Sachet,,,,
SP128,Dove Nourishing Oil Care Shampoo ,80,Ml,Bottle,HDPE,,,
SP129,Dove Nourishing Oil Care Shampoo ,180,Ml,Bottle,HDPE,,,
SP130,Dove Nourishing Oil Care Shampoo ,340,Ml,Bottle,HDPE,,,
SP131,Dove Split End Rescue Shampoo,7,Ml,Sachet,,,,
SP132,Dove Split End Rescue Shampoo,80,Ml,Bottle,HDPE,,,
SP133,Dove Split End Rescue Shampoo,180,Ml,Bottle,HDPE,,,
SP134,Dove Split End Rescue Shampoo,340,Ml,Bottle,HDPE,,,
SP135,Dove Dryness Care Shampoo,80,Ml,Bottle,HDPE,,,
SP136,Dove Dryness Care Shampoo,180,Ml,Bottle,HDPE,,,
SP137,Dove Dryness Care Shampoo,340,Ml,Bottle,HDPE,,,
SP138,Pears Germ Shield with Mint Extract Soap,,,,,,,
SP139,Pears Pure and Gentle Bar,,,,,,,
SP140,Pears Pure & Gentle Hand Wash,,,,,,,
SP141,Pears – Pure & Gentle Cleansing Face wash,,,,,,,
SP142,Pears Oil Clear Soap,,,,,,,
SP143,Pears Oil Clear Hand Wash,,,,,,,
SP144,Pears Pure and Gentle Shower Gel,,,,,,,
SP145,Pears Fresh and Gentle Cleansing Face wash,,,,,,,
SP146,Pears Fresh Renewal Face Wash,,,,,,,
SP147,Pears Fresh Renewal Ultra Mild Face Wash,,,,,,,
SP148,Pears Oil Clear Glow Ultra Mild Face Wash,,,,,,,
SP149,Pears Oil Clear Cleansing Face Wash,,,,,,,
SP150,Rexona Sport Defence underarm roll-on,50,Ml,Tube,Plastic,,,
SP151,Rexona Advanced Whitening Deodorant,150,Ml,Bottle,Tin,,,
SP152,Rexona Shower Fresh Deodorant,150,Ml,Bottle,Tin,,,
SP153,Rexona Aloe Vera Deodorant,150,Ml,Bottle,Tin,,,
SP154,Rexona Aloe Vera Roll On,25,Ml,Tube,Plastic,,,
SP155,Rexona Aloe Vera Roll On,50,Ml,Tube,Plastic,,,
SP156,Rexona Powder Dry Roll On,25,Ml,Tube,Plastic,,,
SP157,Rexona Powder Dry Roll On,50,Ml,Tube,Plastic,,,
SP158,Rexona Shower Fresh Roll On,25,Ml,Tube,Plastic,,,
SP159,Rexona Shower Fresh Roll On,50,Ml,Tube,Plastic,,,
SP160,Surf excel Matic Liquid Front Load,500,Ml,Bottle,HDPE,,,
SP161,Surf excel Matic Liquid Front Load,1020,Ml,Bottle,HDPE,,,
SP162,Surf excel Matic Liquid Top Load,500,Ml,Bottle,HDPE,,,
SP163,Surf excel Matic Liquid Top Load,1020,Ml,Bottle,HDPE,,,
SP164,Surf excel Quickwash,60,Gms,Wrapper,,,,
SP165,Surf excel Quickwash,200,Gms,Wrapper,,,,
SP166,Surf excel Quickwash,500,Gms,Wrapper,,,,
SP167,Surf excel Quickwash,1000,Gms,Wrapper,,,,
SP168,Surf excel Quickwash,2000,Gms,Wrapper,,,,
SP169,Surf excel Easy Wash,95,Gms,Wrapper,,,,
SP170,Surf excel Easy Wash,200,Gms,Wrapper,,,,
SP171,Surf excel Easy Wash,700,Gms,Wrapper,,,,
SP172,Surf excel Easy Wash,1500,Gms,Wrapper,,,,
SP173,Surf excel Easy Wash,3000,Gms,Wrapper,,,,
SP174,Surf excel Easy Wash,4000,Gms,Wrapper,,,,
SP175,Surf excel Matic Front Load,500,Gms,Cardboard,Paper,,,
SP176,Surf excel Matic Front Load,1000,Gms,Cardboard,Paper,,,
SP177,Surf excel Matic Front Load,2000,Gms,Cardboard,Paper,,,
SP178,Surf excel Matic Top Load,500,Gms,Cardboard,Paper,,,
SP179,Surf excel Matic Top Load,1000,Gms,Cardboard,Paper,,,
SP180,Surf excel Matic Top Load,2000,Gms,Cardboard,Paper,,,
SP181,Surf excel Liquid Detergent,200,Ml,Bottle,HDPE,,,
SP182,Surf excel Liquid Detergent,500,Ml,Bottle,HDPE,,,
SP183,Surf excel Liquid Detergent,1020,Ml,Bottle,HDPE,,,
SP184,Surf Excel Bar,100,Gms,Wrapper,,,,
SP185,Surf Excel Bar,150,Gms,Wrapper,,,,
SP186,Surf Excel Bar,250,Gms,Wrapper,,,,
SP187,Surf Excel Bar,400,Gms,Wrapper,,,,
SP188,Surf Excel Bar,800,Gms,Wrapper,,,,
SP189,Rin Bar,250,Gms,Wrapper,,,,
SP190,Rin Detergent Hand wash Powder,12,Gms,Wrapper,,,,
SP191,Rin Detergent Hand wash Powder,55,Gms,Wrapper,,,,
SP192,Rin Detergent Hand wash Powder,130,Gms,Wrapper,,,,
SP193,Rin Detergent Hand wash Powder,250,Gms,Wrapper,,,,
SP194,Rin Detergent Hand wash Powder,500,Gms,Wrapper,,,,
SP195,Rin Detergent Hand wash Powder,1000,Gms,Wrapper,,,,
SP196,Rin Detergent Hand wash Powder,2000,Gms,Wrapper,,,,
SP197,Rin Detergent Hand wash Powder,4000,Gms,Wrapper,,,,
SP198,Rin Detergent Hand wash Powder,6000,Gms,Wrapper,,,,
SP199,Rin Refresh Detergent Powder with Lemon and Rose,500,Gms,Wrapper,,,,
SP200,Rin Refresh Detergent Powder with Lemon and Rose,1000,Gms,Wrapper,,,,
SP201,Rin Anti-bacterial Detergent Powder with Neem,500,Gms,Wrapper,,,,
SP202,Rin Anti-bacterial Detergent Powder with Neem,1000,Gms,Wrapper,,,,
SP203,Rin Matic Washing Machine Detergent Powder,1000,Gms,Cardboard,Paper,,,
SP204,Rin Ala Fabric Whitener and Bleach,200,Ml,Bottle,HDPE,,,
SP205,Rin Ala Fabric Whitener and Bleach,500,Ml,Bottle,HDPE,,,
SP206,Vim Dishwash Gel - Lemon,155,Ml,Packet,,,,
SP207,Vim Dishwash Gel - Lemon,225,Ml,Packet,,,,
SP208,Vim Dishwash Gel - Lemon,250,Ml,Bottle,PET ,,,
SP209,Vim Dishwash Gel - Lemon,500,Ml,Bottle,PET ,,,
SP210,Vim Dishwash Gel - Lemon,750,Ml,Bottle,PET ,,,
SP211,Vim Dishwash Gel - Lemon,1000,Ml,Bottle,PET ,,,
SP212,Vim Dishwash Gel - Lemon,1500,Ml,Bottle,PET ,,,
SP213,Vim Dishwash Bar,75,Gms,Wrapper,,,,75
SP214,Vim Dishwash Bar,125,Gms,Wrapper,,,,125
SP215,Vim Dishwash Bar,200,Gms,Wrapper,,,,200
SP216,Vim Dishwash Bar,300,Gms,Wrapper,,,,300
SP217,Vim Dishwash Liquid - Lemon,500,Ml,Packet,,,,
SP218,Vim Dishwash Bar - Lemon,500,Gms,Tub,,,,
SP219,Vim Dishwash Gel - Lime,250,Ml,Bottle,PET ,,,
SP220,Vim Dishwash Gel - Lime,500,Ml,Bottle,PET ,,,
SP221,Vim Antigerm Dishwash Gel - Neem,500,Ml,Bottle,PET ,,,
SP222,Vim Dishwash Liquid - Lemon,155,Ml,Packet,,,,
SP223,Vim Dishwash Liquid - Lemon,225,Ml,Packet,,,,
SP224,Vim Dishwash Liquid - Lemon,250,Ml,Bottle,PET ,,,
SP225,Vim Dishwash Liquid - Lemon,500,Ml,Bottle,PET ,,,
SP226,Vim Dishwash Liquid - Lemon,750,Ml,Bottle,PET ,,,
SP227,Vim Dishwash Liquid - Lemon,1000,Ml,Bottle,PET ,,,
SP228,Vim Dishwash Liquid - Lemon,1500,Ml,Bottle,PET ,,,
SP229,,,,,,,,
SP230,,,,,,,,
SP231,,,,,,,,
SP232,,,,,,,,
SP233,,,,,,,,
SP234,,,,,,,,
SP235,,,,,,,,
SP236,,,,,,,,
SP237,Himalaya Purifying Neem Face Wash:,,,,,,,
SP238,Himalaya Herbals Kajal:,,,,,,,
SP239,Himalaya Herbals Purifying Neem Face Pack:,,,,,,,
SP240,Himalaya Herbals Clarifying Mud Mask:,,,,,,,
SP241,Himalaya Revitalizing Night Cream:,,,,,,,
SP242,Himalaya Herbals Smoothing Foot Scrub:,,,,,,,
SP243,Himalaya Herbals Foot Care Cream:,,,,,,,
SP244,Himalaya Herbals Under Eye Cream:,,,,,,,
SP245,Himalaya Herbals Lip Balm:,,,,,,,
SP246,Himalaya Herbals Soothing Body Lotion:,,,,,,,
SP247,Himalaya Herbals Protein Hair Cream:,,,,,,,
SP248,Himalaya Herbals Strawberry Shine Lip Balm,,,,,,,
SP249,Himalaya Moisturizing Aloe Vera Face Wash,,,,,,,
SP250,Himalaya Herbals Deep Cleansing Milk,,,,,,,
SP251,Himalaya Herbals Gentle Refreshing Toner,,,,,,,
SP252,Himalaya's Active Fresh Gel ,40,Gms,Tube,,,,
SP253,Himalaya's Active Fresh Gel ,100,Gms,Tube,,,,
SP254,Himalaya’s Age Defying Hand Cream,100,ML,Tube,,,,
SP255,Himalaya’s Almond & Rose Soap ,75,Gms,Wrapper,,,,
SP256,Himalaya’s Almond & Rose Soap ,125,Gms,Wrapper,,,,
SP257,Himalaya’s Aloe & Cucumber Refreshing Body Lotion,100,ML,Bottle,HDPE,,,
SP258,Himalaya’s Aloe & Cucumber Refreshing Body Lotion,200,ML,Bottle,HDPE,,,
SP259,Himalaya Herbals Anti-Wrinkle Cream,50,Gms,Tub,,,,
SP260,,,,,,,,
SP261,,,,,,,,
SP262,,,,,,,,
SP263,,,,,,,,
SP264,,,,,,,,
SP265,7 Up Bottle ,600,ML,Bottle,PET,,,
SP266,7 Up Bottle ,1000,ML,Bottle,PET,,,
SP267,7 Up Bottle ,1750,ML,Bottle,PET,,,
SP268,7 Up Bottle ,2000,ML,Bottle,PET,,,
SP269,7 Up Nimbooz,350,ML,Bottle,PET,,,
SP270,7 Up Lemon Flavour Can ,250,ML,Tin,,,,
SP271,ABK Chip Chop Fish On Stick ,70,Gms,Wrapper,,,,
SP272,ABK Dog Dry Bath Clean Shampoo,240,ML,Bottle,HDPE,,,
SP273,ABK Dog Lavender Shampoo,200,ML,Bottle,HDPE,,,
SP274,Act II Microwave Popcorn Butter Flavour ,33,Gms,Wrapper,,,,
SP275,Act II Microwave Popcorn Butter Flavour,99,Gms,Wrapper,,,,
SP276,Act II Microwave Popcorn Butter Flavour,255,Gms,Wrapper,,,,
SP277,Act II Microwave Popcorn Butter Lovers,33,Gms,Wrapper,,,,
SP278,Act II Microwave Popcorn Butter Lovers,99,Gms,Wrapper,,,,
SP279,Act II Microwave Popcorn Natural,33,Gms,Wrapper,,,,
SP280,Act II Microwave Popcorn Natural,99,Gms,Wrapper,,,,
SP281,Act II Microwave Popcorn Butter Lovers,297,Gms,Wrapper,,,,
SP282,Adidas Team Force Deo Body Spray,150,ML,Tin,,,,
SP283,Air Wick Lavender Dew Air Freshener Spray,300,ML,Bottle,HDPE,,,
SP284,Al Kabeer Green Peas,500,Gms,Wrapper,,,,
SP285,Al Kabeer Green Peas,1000,Gms,Wrapper,,,,
SP286,Al Kabeer Krazee Chicken Nuggets,400,Gms,Wrapper,,,,
SP287,Al Kabeer Krazee Chicken Nuggets,750,Gms,Wrapper,,,,
SP288,Al Kabeer Chicken Cocktail Sausages,250,Gms,Wrapper,,,,
SP289,ALL OUT® ULTRA POWER+ FLORAL REFILL,,Pack,Plastic ,,Cardboard,Paper,
SP290,ALL OUT® ULTRA POWER+™ FAN,,Pack,Plastic ,,Cardboard,Paper,
SP291,All Out Ultra Refill 45 ml,45,ML,Bottle,PET,Cardboard,Paper,8 906006 430648
SP292,ALL OUT® ULTRA POWER+™ FAN REFILL,,ML,Bottle,PET,Cardboard,Paper,
SP293,ALL OUT® ULTRA POWER+™ REFILL,,ML,Bottle,PET,Cardboard,Paper,
SP294,ALL OUT® ULTRA POWER+™SLIDER,,Pack,Plastic ,,Cardboard,Paper,
SP295,ALL OUT® CRAWLING INSECT KILLER,,ML,Tin,,,,
SP296,ALL OUT® ALL NIGHT,,ML,Tin,,,,
SP297,ALL OUT® FLYING INSECT KILLER,,ML,Tin,,,,
SP298,ALL OUT® MULTI INSECT KILLER,,ML,Tin,,,,
SP299,ALL OUT® 12-HOUR ANTI DENGUE COIL,,Pack,Cardboard,Paper,,,
SP300,ALL OUT® 8-HOUR COIL,,Pack,Cardboard,Paper,,,
SP301,ALL OUT® ANTI DENGUE COIL,,Pack,Cardboard,Paper,,,
SP302,ALL OUT® FLASHGUARD,,Pack,Cardboard,Paper,,,
SP303,Batik Bazaar Glade® Aerosol,,ML,Tin,,,,
SP304,Laugh Wildly Glade® Aerosol,,ML,Tin,,,,
SP305,Live Fully Glade® Aerosol,,ML,Tin,,,,
SP306,Matcha Garden Glade® Aerosol,,ML,Tin,,,,
SP307,Exotic Garden Glade® Aerosol,,ML,Tin,,,,
SP308,Exotic Spice Glade® Aerosol,,ML,Tin,,,,
SP309,Floral Perfection™ Glade® Aerosol,,ML,Tin,,,,
SP310,Floral Perfection™ Glade® Aerosol,,ML,Tin,,,,
SP311,Mint Ice Glade® Sport™ Refill,,ML,Bottle,PET,Cardboard,Paper,
SP312,Lavender Marine Glade® Sport™ Refill,,ML,Bottle,PET,Cardboard,Paper,
SP313,New Car Glade® Sport™ Refill,,ML,Bottle,PET,Cardboard,Paper,
SP314,Ocean Escape™ Glade® Sport™ Refill,,ML,Bottle,PET,Cardboard,Paper,
SP315,Mint Ice Glade® Sport™ Starter Kit,,Pack,Plastic ,,Cardboard,Paper,
SP316,Lavender Marine Glade® Sport™ Starter Kit,,Pack,Plastic ,,Cardboard,Paper,
SP317,Morning Freshness Glade® Sport™ Starter Kit,,Pack,Plastic ,,Cardboard,Paper,
SP318,New Car Glade® Sport™ Starter Kit,,Pack,Plastic ,,Cardboard,Paper,
SP319,Ocean Escape™ Glade® Sport™ Starter Kit,,Pack,Plastic ,,Cardboard,Paper,
SP320,Batik Bazaar Glade® Gel,,,Tin,,Plastic ,,
SP321,Laugh Wildly Glade® Gel,,,Tin,,Plastic ,,
SP322,Lavender Glade® Gel,,,Tin,,Plastic ,,
SP323,Live Fully Glade® Gel,,,Tin,,Plastic ,,
SP324,Matcha Garden Glade® Gel,,,Tin,,Plastic ,,
SP325,Fresh Lemon Glade® Gel,,,Tin,,Plastic ,,
SP326,Clean Linen Glade® Gel,,,Tin,,Plastic ,,
SP327,Floral Perfection™ Glade® Gel,,,Tin,,Plastic ,,
SP328,Jasmine Glade® Gel,,,Tin,,Plastic ,,
SP329,Batik Bazaar Glade® Automatic Spray Refill,,ML,Bottle,PET,Cardboard,Paper,
SP330,Matcha Garden Glade® Automatic Spray Refill,,ML,Bottle,PET,Cardboard,Paper,
SP331,Ocean Escape™ Glade® Automatic Spray Starter Kit,,Pack,Plastic ,,Cardboard,Paper,
SP332,Batik Bazaar Glade® Touch & Fresh® Starter Kit,,Pack,Plastic ,,Cardboard,Paper,
SP333,Laugh Wildly Glade® Touch & Fresh® Starter Kit,,Pack,Plastic ,,Cardboard,Paper,
SP334,Live Fully Glade® Touch & Fresh® Starter Kit,,Pack,Plastic ,,Cardboard,Paper,
SP335,Exotic Garden Glade® Touch & Fresh® Starter Kit,,Pack,Plastic ,,Cardboard,Paper,
SP336,Exotic Spice Glade® Touch & Fresh® Starter Kit,,,,,,,
SP337,Floral Perfection™ Glade® Touch & Fresh® Starter Kit,,,,,,,
SP338,Fresh Lemon Glade® Touch & Fresh® Starter Kit,,,,,,,
SP339,Wild Lavender Glade® Touch & Fresh® Starter Kit,,,,,,,
SP340,Batik Bazaar Glade® Touch & Fresh® Refill,,,Tin,,Cardboard,Paper,
SP341,Laugh Wildly Glade® Touch & Fresh® Refill,,,Tin,,Cardboard,Paper,
SP342,Live Fully Glade® Touch & Fresh® Refill,,,Tin,,Cardboard,Paper,
SP343,Matcha Garden Glade® Touch & Fresh® Refill,,,Tin,,Cardboard,Paper,
SP344,Fresh Lemon Glade® Touch & Fresh® Refill,,,Tin,,Cardboard,Paper,
SP345,Wild Lavender Glade® Touch & Fresh® Refill,,,Tin,,Cardboard,Paper,
SP346,Exotic Garden Glade® Touch & Fresh® Refill,,,Tin,,Cardboard,Paper,
SP347,Exotic Spice Glade® Touch & Fresh® Refill,,,Tin,,Cardboard,Paper,
SP348,Floral Perfection™ Glade® Touch & Fresh® Refill,,,Tin,,Cardboard,Paper,
SP349,KIWI® SHOE POLISH Black ,15,Gms,Tin,,,,
SP350,KIWI® SHOE POLISH Dark Tan,15,Gms,Tin,,,,
SP351,KIWI® SHOE POLISH Burgundy,15,Gms,Tin,,,,
SP352,KIWI® SHOE POLISH Neutral,15,Gms,Tin,,,,
SP353,KIWI® SHOE POLISH Light Tan,15,Gms,Tin,,,,
SP354,KIWI® SHOE POLISH Black,40,Gms,Tin,,,,
SP355,KIWI® SHOE POLISH Dark Tan,40,Gms,Tin,,,,
SP356,KIWI® WAX RICH COLOUR SHINE Black ,75,Ml,Bottle,Plastic,,,
SP357,KIWI® WAX RICH COLOUR SHINE Brown,75,Ml,Bottle,Plastic,,,
SP358,KIWI® WAX RICH COLOUR SHINE Neutral,75,Ml,Bottle,Plastic,,,
SP359,KIWI® COLOUR SHINE Black,40,Ml,Bottle,Plastic,,,
SP360,KIWI® WAX RICH COLOUR SHINE Brown,40,Ml,Bottle,Plastic,,,
SP361,KIWI® EXPRESS SHINE Black,7,Ml,Tub,Plastic,,,
SP362,KIWI® EXPRESS SHINE Neutral ,7,Ml,Tub,Plastic,,,
SP363,MR MUSCLE® POWER GEL,,,Bottle,Plastic,,,
SP364,MR MUSCLE®POWER GRANULES,,,Bottle,Plastic,,,
SP365,MR MUSCLE® PLATINUM BATHROOM,,,Bottle,Plastic,,,
SP366,MR MUSCLE® PLATINUM KITCHEN,,,Bottle,Plastic,,,
SP367,MR MUSCLE® DRAIN FOAMER,,,Bottle,Plastic,,,
SP368,MR MUSCLE® OVEN CLEANER,,,Bottle,Plastic,,,
SP369,MR MUSCLE® PLATINUM SHOWER SHINE,,,Bottle,Plastic,,,
SP370,MR MUSCLE®ADVANCED POWER BATHROOM CLEANER,,,Bottle,Plastic,,,
SP371,MR MUSCLE® ADVANCED POWER SHOWER SHINE,,,Bottle,Plastic,,,
SP372,MR MUSCLE® ADVANCED POWER WINDOW & GLASS,,,Bottle,Plastic,,,
SP373,MR MUSCLE® ORANGE ACTION FLOOR WIPES,,,,,,,
SP374,MR MUSCLE® BATHROOM CLEANER,,,Bottle,Plastic,,,
SP375,MR MUSCLE® KITCHEN CLEANER,,,Bottle,Plastic,,,
SP376,MR MUSCLE® WINDOW & GLASS CLEANER,,,Bottle,Plastic,,,
SP377,MR MUSCLE® SHOWER SHINE,,,Bottle,Plastic,,,
SP378,Ambi Pur Sky Breeze Vent Clip Car Air Freshener,2,Ml,,Plastic,Cardboard,Paper,
SP379,Ambi Pur Lavender Comfort Vent Clip Car Air Freshener,2,Ml,,Plastic,Cardboard,Paper,
SP380,Ambi Pur New Zealand Spring Vent Clip Car Air Freshener,2,Ml,,Plastic,Cardboard,Paper,
SP381,Ambi Pur Thai Dragon Fruit Vent Clip Car Freshener,2,Ml,,Plastic,Cardboard,Paper,
SP382,Ambi Pur Light Citrus Vent Clip Car Air Freshener,2,Ml,,Plastic,Cardboard,Paper,
SP383,Ambi Pur Set & Refresh Linen & Sky ,5.5,Ml,,Plastic,Cardboard,Paper,
SP384,Ambi Pur Air Effects Linen & Sky,,,,Plastic,Cardboard,Paper,
SP385,FUSION® PROGLIDE® MANUAL RAZOR WITH FLEXBALL TECHNOLOGYTM,,,,Plastic,Cardboard,Paper,
SP386,MACH3® TURBO RAZOR,,,,Plastic,Cardboard,Paper,
SP387,VECTOR3® RAZOR,,,,Plastic,Cardboard,Paper,
SP388,FUSION® PROGLIDE® MANUAL RAZOR BLADES,,,,Plastic,Cardboard,Paper,
SP389,MACH3® TURBO RAZOR BLADES,,,,Plastic,Cardboard,Paper,
SP390,"ALL PURPOSE GILLETTE STYLER™: TRIMMER, SHAVER & EDGER",,,,Plastic,Cardboard,Paper,
SP391,BODYTM DISPOSABLE RAZOR,,,,Plastic,Cardboard,Paper,
SP392,VECTOR3® RAZOR BLADES,,,,Plastic,Cardboard,Paper,
SP393,FUSION® POWER RAZOR BLADES,,,,Plastic,Cardboard,Paper,
SP394,FUSION® MANUAL RAZOR BLADES,,,,Plastic,Cardboard,Paper,
SP395,MACH3® SENSITIVE RAZOR BLADES,,,,Plastic,Cardboard,Paper,
SP396,MACH3® RAZOR BLADES,,,,Plastic,Cardboard,Paper,
SP397,PRESTO® DISPOSABLE RAZOR,,,,Plastic,Cardboard,Paper,
SP398,BODYTM RAZOR BLADES,,,,Plastic,Cardboard,Paper,
SP399,VECTOR® RAZOR,,,,Plastic,Cardboard,Paper,
SP400,MACH3® SENSITIVE RAZOR BLADES,,,,Plastic,Cardboard,Paper,
SP401,MACH3® RAZOR BLADES,,,,Plastic,Cardboard,Paper,
SP402,FUSION® MANUAL RAZOR BLADES,,,,Plastic,Cardboard,Paper,
SP403,FUSION® POWER RAZOR,,,,Plastic,Cardboard,Paper,
SP404,BODY. RAZOR,,,,Plastic,Cardboard,Paper,
SP405,GUARD® RAZOR,,,,Plastic,Cardboard,Paper,
SP406,7 O'CLOCK READY II DISPOSABLE RAZOR,,,,Plastic,Cardboard,Paper,
SP407,PRESTO 3 DISPOSABLE RAZOR,,,,Plastic,Cardboard,Paper,
SP408,VECTOR® RAZOR BLADES,,,,Plastic,Cardboard,Paper,
SP409,GILLETTE SHAVING CREAM REGULAR,30,Gms,Tube,Cardboard,Paper,,
SP410,GILLETTE SHAVING CREAM REGULAR,70,Gms,Tube,Cardboard,Paper,,
SP411,FUSION® HYDRA GEL SENSITIVE SKIN SHAVE GEL,75,Gms,Can,,,,
SP412,FUSION® HYDRA GEL SENSITIVE SKIN SHAVE GEL,195,Gms,Can,,,,
SP413,FAT FOAMY REGULAR,50,Gms,Can,,,,
SP414,FAT FOAMY REGULAR,418,Gms,Can,,,,
SP415,SERIES CONDITIONING SHAVE FOAM,245,Gms,Can,,,,
SP416,SERIES CONDITIONING SHAVE GEL,195,Gms,Can,,,,
SP417,FUSION® HYDRA GEL PURE & SENSITIVE SHAVE GEL,195,Gms,Can,,,,
SP418,FOAMY SHAVE FOAM—SENSITIVE SKIN,311,Gms,Can,,,,
SP419,ULTRA COMFORT TUBE SHAVE GEL,60,Gms,Can,,,,
SP420,ULTRA COMFORT TUBE SHAVE GEL,80,Gms,Can,,,,
SP421,SERIES ULTRA PROTECTION SHAVE FOAM,245,Gms,Can,,,,
SP422,SERIES PURE AND SENSITIVE SHAVE FOAM,245,Gms,Can,,,,
SP423,GILLETTE SHAVING CREAM LIME,30,Gms,Tube,Cardboard,Paper,,
SP424,GILLETTE SHAVING CREAM LIME,70,Gms,Tube,Cardboard,Paper,,
SP425,SERIES SENSITIVE SHAVE GEL,195,Gms,Can,,,,
SP426,MOISTURISING TUBE SHAVE GEL,60,Gms,Tube,Cardboard,Paper,,
SP427,MOISTURISING TUBE SHAVE GEL,80,Gms,Tube,Cardboard,Paper,,
SP428,FUSION® HYDRA GEL ULTRA PROTECTION SHAVE GEL,195,Gms,Can,,,,
SP429,MENTHOL SHAVE FOAM,195,Gms,Can,,,,
SP430,SERIES PURE & SENSITIVE SHAVE GEL,195,Gms,Can,,,,
SP431,SENSITIVE SKIN TUBE SHAVE GEL,25,Gms,Tube,Cardboard,Paper,,
SP432,SENSITIVE SKIN TUBE SHAVE GEL,60,Gms,Tube,Cardboard,Paper,,
SP433,SENSITIVE SKIN TUBE SHAVE GEL,80,Gms,Tube,Cardboard,Paper,,
SP434,SERIES SENSITIVE SHAVE FOAM,245,Gms,Can,,,,
SP435,CLASSIC SHAVE FOAM,195,Gms,Can,,,,
SP436,LEMON LIME SHAVE FOAM,195,Gms,Can,,,,
SP437,FAT FOAMY SENSITIVE,,Gms,Can,,,,
SP438,SERIES COOL WAVE AFTERSHAVE SPLASH,50,Ml,Bottle,Glass,Cardboard,Paper,
SP439,SERIES COOL WAVE AFTERSHAVE SPLASH,100,Ml,Bottle,Glass,Cardboard,Paper,
SP440,SERIES ARCTIC ICE AFTERSHAVE SPLASH,50,Ml,Bottle,Glass,Cardboard,Paper,
SP441,SERIES ARCTIC ICE AFTERSHAVE SPLASH,100,Ml,Bottle,Glass,Cardboard,Paper,
SP442,SHAVING BRUSH PACK,1,,Plastic,,Cardboard,Paper,